name	sAMAccountName	cn	sn	path	enabled	password	Department
User1	User1	User1	Last1	"cn=users,dc=contoso,dc=com"	$TRUE	P@ssw0rd123.	Mental
User2	User2	User2	Last2	"cn=users,dc=contoso,dc=com"	$TRUE	P@ssw0rd123.	Mental
User3	User3	User3	Last3	"cn=users,dc=contoso,dc=com"	$TRUE	P@ssw0rd123.	Mental
User4	User4	User4	Last4	"cn=users,dc=contoso,dc=com"	$TRUE	P@ssw0rd123.	Mental
User5	User5	User5	Last5	"cn=users,dc=contoso,dc=com"	$TRUE	P@ssw0rd123.	Mental
User6	User6	User6	Last6	"cn=users,dc=contoso,dc=com"	$TRUE	P@ssw0rd123.	Mental
User7	User7	User7	Last7	"cn=users,dc=contoso,dc=com"	$TRUE	P@ssw0rd123.	Mental
User8	User8	User8	Last8	"cn=users,dc=contoso,dc=com"	$TRUE	P@ssw0rd123.	Mental
User9	User9	User9	Last9	"cn=users,dc=contoso,dc=com"	$TRUE	P@ssw0rd123.	Mental
User10	User10	User10	Last10	"cn=users,dc=contoso,dc=com"	$TRUE	P@ssw0rd123.	Mental
User11	User11	User11	Last11	"cn=users,dc=contoso,dc=com"	$TRUE	P@ssw0rd123.	Mental
User12	User12	User12	Last12	"cn=users,dc=contoso,dc=com"	$TRUE	P@ssw0rd123.	Mental
User13	User13	User13	Last13	"cn=users,dc=contoso,dc=com"	$TRUE	P@ssw0rd123.	Mental
User14	User14	User14	Last14	"cn=users,dc=contoso,dc=com"	$TRUE	P@ssw0rd123.	Mental
User15	User15	User15	Last15	"cn=users,dc=contoso,dc=com"	$TRUE	P@ssw0rd123.	Mental
User16	User16	User16	Last16	"cn=users,dc=contoso,dc=com"	$TRUE	P@ssw0rd123.	Mental
User17	User17	User17	Last17	"cn=users,dc=contoso,dc=com"	$TRUE	P@ssw0rd123.	Mental
User18	User18	User18	Last18	"cn=users,dc=contoso,dc=com"	$TRUE	P@ssw0rd123.	Mental
User19	User19	User19	Last19	"cn=users,dc=contoso,dc=com"	$TRUE	P@ssw0rd123.	Mental
User20	User20	User20	Last20	"cn=users,dc=contoso,dc=com"	$TRUE	P@ssw0rd123.	Mental
User21	User21	User21	Last21	"cn=users,dc=contoso,dc=com"	$TRUE	P@ssw0rd123.	Mental
User22	User22	User22	Last22	"cn=users,dc=contoso,dc=com"	$TRUE	P@ssw0rd123.	Mental
User23	User23	User23	Last23	"cn=users,dc=contoso,dc=com"	$TRUE	P@ssw0rd123.	Mental
User24	User24	User24	Last24	"cn=users,dc=contoso,dc=com"	$TRUE	P@ssw0rd123.	Mental
User25	User25	User25	Last25	"cn=users,dc=contoso,dc=com"	$TRUE	P@ssw0rd123.	Mental
User26	User26	User26	Last26	"cn=users,dc=contoso,dc=com"	$TRUE	P@ssw0rd123.	Mental
User27	User27	User27	Last27	"cn=users,dc=contoso,dc=com"	$TRUE	P@ssw0rd123.	Mental
User28	User28	User28	Last28	"cn=users,dc=contoso,dc=com"	$TRUE	P@ssw0rd123.	Mental
User29	User29	User29	Last29	"cn=users,dc=contoso,dc=com"	$TRUE	P@ssw0rd123.	Mental
User30	User30	User30	Last30	"cn=users,dc=contoso,dc=com"	$TRUE	P@ssw0rd123.	Mental
User31	User31	User31	Last31	"cn=users,dc=contoso,dc=com"	$TRUE	P@ssw0rd123.	Mental
User32	User32	User32	Last32	"cn=users,dc=contoso,dc=com"	$TRUE	P@ssw0rd123.	Mental
User33	User33	User33	Last33	"cn=users,dc=contoso,dc=com"	$TRUE	P@ssw0rd123.	Mental
User34	User34	User34	Last34	"cn=users,dc=contoso,dc=com"	$TRUE	P@ssw0rd123.	Mental
User35	User35	User35	Last35	"cn=users,dc=contoso,dc=com"	$TRUE	P@ssw0rd123.	Mental
User36	User36	User36	Last36	"cn=users,dc=contoso,dc=com"	$TRUE	P@ssw0rd123.	Mental
User37	User37	User37	Last37	"cn=users,dc=contoso,dc=com"	$TRUE	P@ssw0rd123.	Mental
User38	User38	User38	Last38	"cn=users,dc=contoso,dc=com"	$TRUE	P@ssw0rd123.	Mental
User39	User39	User39	Last39	"cn=users,dc=contoso,dc=com"	$TRUE	P@ssw0rd123.	Mental
User40	User40	User40	Last40	"cn=users,dc=contoso,dc=com"	$TRUE	P@ssw0rd123.	Mental
User41	User41	User41	Last41	"cn=users,dc=contoso,dc=com"	$TRUE	P@ssw0rd123.	Mental
User42	User42	User42	Last42	"cn=users,dc=contoso,dc=com"	$TRUE	P@ssw0rd123.	Mental
User43	User43	User43	Last43	"cn=users,dc=contoso,dc=com"	$TRUE	P@ssw0rd123.	Mental
User44	User44	User44	Last44	"cn=users,dc=contoso,dc=com"	$TRUE	P@ssw0rd123.	Mental
User45	User45	User45	Last45	"cn=users,dc=contoso,dc=com"	$TRUE	P@ssw0rd123.	Mental
User46	User46	User46	Last46	"cn=users,dc=contoso,dc=com"	$TRUE	P@ssw0rd123.	Mental
User47	User47	User47	Last47	"cn=users,dc=contoso,dc=com"	$TRUE	P@ssw0rd123.	Mental
User48	User48	User48	Last48	"cn=users,dc=contoso,dc=com"	$TRUE	P@ssw0rd123.	Mental
User49	User49	User49	Last49	"cn=users,dc=contoso,dc=com"	$TRUE	P@ssw0rd123.	Mental
User50	User50	User50	Last50	"cn=users,dc=contoso,dc=com"	$TRUE	P@ssw0rd123.	Mental
User51	User51	User51	Last51	"cn=users,dc=contoso,dc=com"	$TRUE	P@ssw0rd123.	Mental
User52	User52	User52	Last52	"cn=users,dc=contoso,dc=com"	$TRUE	P@ssw0rd123.	Mental
User53	User53	User53	Last53	"cn=users,dc=contoso,dc=com"	$TRUE	P@ssw0rd123.	Mental
User54	User54	User54	Last54	"cn=users,dc=contoso,dc=com"	$TRUE	P@ssw0rd123.	Mental
User55	User55	User55	Last55	"cn=users,dc=contoso,dc=com"	$TRUE	P@ssw0rd123.	Mental
User56	User56	User56	Last56	"cn=users,dc=contoso,dc=com"	$TRUE	P@ssw0rd123.	Mental
User57	User57	User57	Last57	"cn=users,dc=contoso,dc=com"	$TRUE	P@ssw0rd123.	Mental
User58	User58	User58	Last58	"cn=users,dc=contoso,dc=com"	$TRUE	P@ssw0rd123.	Mental
User59	User59	User59	Last59	"cn=users,dc=contoso,dc=com"	$TRUE	P@ssw0rd123.	Mental
User60	User60	User60	Last60	"cn=users,dc=contoso,dc=com"	$TRUE	P@ssw0rd123.	Mental
User61	User61	User61	Last61	"cn=users,dc=contoso,dc=com"	$TRUE	P@ssw0rd123.	Mental
User62	User62	User62	Last62	"cn=users,dc=contoso,dc=com"	$TRUE	P@ssw0rd123.	Mental
User63	User63	User63	Last63	"cn=users,dc=contoso,dc=com"	$TRUE	P@ssw0rd123.	Mental
User64	User64	User64	Last64	"cn=users,dc=contoso,dc=com"	$TRUE	P@ssw0rd123.	Mental
User65	User65	User65	Last65	"cn=users,dc=contoso,dc=com"	$TRUE	P@ssw0rd123.	Mental
User66	User66	User66	Last66	"cn=users,dc=contoso,dc=com"	$TRUE	P@ssw0rd123.	Mental
User67	User67	User67	Last67	"cn=users,dc=contoso,dc=com"	$TRUE	P@ssw0rd123.	Mental
User68	User68	User68	Last68	"cn=users,dc=contoso,dc=com"	$TRUE	P@ssw0rd123.	Mental
User69	User69	User69	Last69	"cn=users,dc=contoso,dc=com"	$TRUE	P@ssw0rd123.	Mental
User70	User70	User70	Last70	"cn=users,dc=contoso,dc=com"	$TRUE	P@ssw0rd123.	Mental
User71	User71	User71	Last71	"cn=users,dc=contoso,dc=com"	$TRUE	P@ssw0rd123.	Mental
User72	User72	User72	Last72	"cn=users,dc=contoso,dc=com"	$TRUE	P@ssw0rd123.	Mental
User73	User73	User73	Last73	"cn=users,dc=contoso,dc=com"	$TRUE	P@ssw0rd123.	Mental
User74	User74	User74	Last74	"cn=users,dc=contoso,dc=com"	$TRUE	P@ssw0rd123.	Mental
User75	User75	User75	Last75	"cn=users,dc=contoso,dc=com"	$TRUE	P@ssw0rd123.	Mental
User76	User76	User76	Last76	"cn=users,dc=contoso,dc=com"	$TRUE	P@ssw0rd123.	Mental
User77	User77	User77	Last77	"cn=users,dc=contoso,dc=com"	$TRUE	P@ssw0rd123.	Mental
User78	User78	User78	Last78	"cn=users,dc=contoso,dc=com"	$TRUE	P@ssw0rd123.	Mental
User79	User79	User79	Last79	"cn=users,dc=contoso,dc=com"	$TRUE	P@ssw0rd123.	Mental
User80	User80	User80	Last80	"cn=users,dc=contoso,dc=com"	$TRUE	P@ssw0rd123.	Mental
User81	User81	User81	Last81	"cn=users,dc=contoso,dc=com"	$TRUE	P@ssw0rd123.	Mental
User82	User82	User82	Last82	"cn=users,dc=contoso,dc=com"	$TRUE	P@ssw0rd123.	Mental
User83	User83	User83	Last83	"cn=users,dc=contoso,dc=com"	$TRUE	P@ssw0rd123.	Mental
User84	User84	User84	Last84	"cn=users,dc=contoso,dc=com"	$TRUE	P@ssw0rd123.	Mental
User85	User85	User85	Last85	"cn=users,dc=contoso,dc=com"	$TRUE	P@ssw0rd123.	Mental
User86	User86	User86	Last86	"cn=users,dc=contoso,dc=com"	$TRUE	P@ssw0rd123.	Mental
User87	User87	User87	Last87	"cn=users,dc=contoso,dc=com"	$TRUE	P@ssw0rd123.	Mental
User88	User88	User88	Last88	"cn=users,dc=contoso,dc=com"	$TRUE	P@ssw0rd123.	Mental
User89	User89	User89	Last89	"cn=users,dc=contoso,dc=com"	$TRUE	P@ssw0rd123.	Mental
User90	User90	User90	Last90	"cn=users,dc=contoso,dc=com"	$TRUE	P@ssw0rd123.	Mental
User91	User91	User91	Last91	"cn=users,dc=contoso,dc=com"	$TRUE	P@ssw0rd123.	Mental
User92	User92	User92	Last92	"cn=users,dc=contoso,dc=com"	$TRUE	P@ssw0rd123.	Mental
User93	User93	User93	Last93	"cn=users,dc=contoso,dc=com"	$TRUE	P@ssw0rd123.	Mental
User94	User94	User94	Last94	"cn=users,dc=contoso,dc=com"	$TRUE	P@ssw0rd123.	Mental
User95	User95	User95	Last95	"cn=users,dc=contoso,dc=com"	$TRUE	P@ssw0rd123.	Mental
User96	User96	User96	Last96	"cn=users,dc=contoso,dc=com"	$TRUE	P@ssw0rd123.	Mental
User97	User97	User97	Last97	"cn=users,dc=contoso,dc=com"	$TRUE	P@ssw0rd123.	Mental
User98	User98	User98	Last98	"cn=users,dc=contoso,dc=com"	$TRUE	P@ssw0rd123.	Mental
User99	User99	User99	Last99	"cn=users,dc=contoso,dc=com"	$TRUE	P@ssw0rd123.	Mental
User100	User100	User100	Last100	"cn=users,dc=contoso,dc=com"	$TRUE	P@ssw0rd123.	Mental
User101	User101	User101	Last101	"cn=users,dc=contoso,dc=com"	$TRUE	P@ssw0rd123.	Mental
User102	User102	User102	Last102	"cn=users,dc=contoso,dc=com"	$TRUE	P@ssw0rd123.	Mental
User103	User103	User103	Last103	"cn=users,dc=contoso,dc=com"	$TRUE	P@ssw0rd123.	Mental
User104	User104	User104	Last104	"cn=users,dc=contoso,dc=com"	$TRUE	P@ssw0rd123.	Mental
User105	User105	User105	Last105	"cn=users,dc=contoso,dc=com"	$TRUE	P@ssw0rd123.	Mental
User106	User106	User106	Last106	"cn=users,dc=contoso,dc=com"	$TRUE	P@ssw0rd123.	Mental
User107	User107	User107	Last107	"cn=users,dc=contoso,dc=com"	$TRUE	P@ssw0rd123.	Mental
User108	User108	User108	Last108	"cn=users,dc=contoso,dc=com"	$TRUE	P@ssw0rd123.	Mental
User109	User109	User109	Last109	"cn=users,dc=contoso,dc=com"	$TRUE	P@ssw0rd123.	Mental
User110	User110	User110	Last110	"cn=users,dc=contoso,dc=com"	$TRUE	P@ssw0rd123.	Mental
User111	User111	User111	Last111	"cn=users,dc=contoso,dc=com"	$TRUE	P@ssw0rd123.	Mental
User112	User112	User112	Last112	"cn=users,dc=contoso,dc=com"	$TRUE	P@ssw0rd123.	Mental
User113	User113	User113	Last113	"cn=users,dc=contoso,dc=com"	$TRUE	P@ssw0rd123.	Mental
User114	User114	User114	Last114	"cn=users,dc=contoso,dc=com"	$TRUE	P@ssw0rd123.	Mental
User115	User115	User115	Last115	"cn=users,dc=contoso,dc=com"	$TRUE	P@ssw0rd123.	Mental
User116	User116	User116	Last116	"cn=users,dc=contoso,dc=com"	$TRUE	P@ssw0rd123.	Mental
User117	User117	User117	Last117	"cn=users,dc=contoso,dc=com"	$TRUE	P@ssw0rd123.	Mental
User118	User118	User118	Last118	"cn=users,dc=contoso,dc=com"	$TRUE	P@ssw0rd123.	Mental
User119	User119	User119	Last119	"cn=users,dc=contoso,dc=com"	$TRUE	P@ssw0rd123.	Mental
User120	User120	User120	Last120	"cn=users,dc=contoso,dc=com"	$TRUE	P@ssw0rd123.	Mental
User121	User121	User121	Last121	"cn=users,dc=contoso,dc=com"	$TRUE	P@ssw0rd123.	Mental
User122	User122	User122	Last122	"cn=users,dc=contoso,dc=com"	$TRUE	P@ssw0rd123.	Mental
User123	User123	User123	Last123	"cn=users,dc=contoso,dc=com"	$TRUE	P@ssw0rd123.	Mental
User124	User124	User124	Last124	"cn=users,dc=contoso,dc=com"	$TRUE	P@ssw0rd123.	Mental
User125	User125	User125	Last125	"cn=users,dc=contoso,dc=com"	$TRUE	P@ssw0rd123.	Mental
User126	User126	User126	Last126	"cn=users,dc=contoso,dc=com"	$TRUE	P@ssw0rd123.	Mental
User127	User127	User127	Last127	"cn=users,dc=contoso,dc=com"	$TRUE	P@ssw0rd123.	Mental
User128	User128	User128	Last128	"cn=users,dc=contoso,dc=com"	$TRUE	P@ssw0rd123.	Mental
User129	User129	User129	Last129	"cn=users,dc=contoso,dc=com"	$TRUE	P@ssw0rd123.	Mental
User130	User130	User130	Last130	"cn=users,dc=contoso,dc=com"	$TRUE	P@ssw0rd123.	Mental
User131	User131	User131	Last131	"cn=users,dc=contoso,dc=com"	$TRUE	P@ssw0rd123.	Mental
User132	User132	User132	Last132	"cn=users,dc=contoso,dc=com"	$TRUE	P@ssw0rd123.	Mental
User133	User133	User133	Last133	"cn=users,dc=contoso,dc=com"	$TRUE	P@ssw0rd123.	Mental
User134	User134	User134	Last134	"cn=users,dc=contoso,dc=com"	$TRUE	P@ssw0rd123.	Mental
User135	User135	User135	Last135	"cn=users,dc=contoso,dc=com"	$TRUE	P@ssw0rd123.	Mental
User136	User136	User136	Last136	"cn=users,dc=contoso,dc=com"	$TRUE	P@ssw0rd123.	Mental
User137	User137	User137	Last137	"cn=users,dc=contoso,dc=com"	$TRUE	P@ssw0rd123.	Mental
User138	User138	User138	Last138	"cn=users,dc=contoso,dc=com"	$TRUE	P@ssw0rd123.	Mental
User139	User139	User139	Last139	"cn=users,dc=contoso,dc=com"	$TRUE	P@ssw0rd123.	Mental
User140	User140	User140	Last140	"cn=users,dc=contoso,dc=com"	$TRUE	P@ssw0rd123.	Mental
User141	User141	User141	Last141	"cn=users,dc=contoso,dc=com"	$TRUE	P@ssw0rd123.	Mental
User142	User142	User142	Last142	"cn=users,dc=contoso,dc=com"	$TRUE	P@ssw0rd123.	Mental
User143	User143	User143	Last143	"cn=users,dc=contoso,dc=com"	$TRUE	P@ssw0rd123.	Mental
User144	User144	User144	Last144	"cn=users,dc=contoso,dc=com"	$TRUE	P@ssw0rd123.	Mental
User145	User145	User145	Last145	"cn=users,dc=contoso,dc=com"	$TRUE	P@ssw0rd123.	Mental
User146	User146	User146	Last146	"cn=users,dc=contoso,dc=com"	$TRUE	P@ssw0rd123.	Mental
User147	User147	User147	Last147	"cn=users,dc=contoso,dc=com"	$TRUE	P@ssw0rd123.	Mental
User148	User148	User148	Last148	"cn=users,dc=contoso,dc=com"	$TRUE	P@ssw0rd123.	Mental
User149	User149	User149	Last149	"cn=users,dc=contoso,dc=com"	$TRUE	P@ssw0rd123.	Mental
User150	User150	User150	Last150	"cn=users,dc=contoso,dc=com"	$TRUE	P@ssw0rd123.	Mental
User151	User151	User151	Last151	"cn=users,dc=contoso,dc=com"	$TRUE	P@ssw0rd123.	Mental
User152	User152	User152	Last152	"cn=users,dc=contoso,dc=com"	$TRUE	P@ssw0rd123.	Mental
User153	User153	User153	Last153	"cn=users,dc=contoso,dc=com"	$TRUE	P@ssw0rd123.	Mental
User154	User154	User154	Last154	"cn=users,dc=contoso,dc=com"	$TRUE	P@ssw0rd123.	Mental
User155	User155	User155	Last155	"cn=users,dc=contoso,dc=com"	$TRUE	P@ssw0rd123.	Mental
User156	User156	User156	Last156	"cn=users,dc=contoso,dc=com"	$TRUE	P@ssw0rd123.	Mental
User157	User157	User157	Last157	"cn=users,dc=contoso,dc=com"	$TRUE	P@ssw0rd123.	Mental
User158	User158	User158	Last158	"cn=users,dc=contoso,dc=com"	$TRUE	P@ssw0rd123.	Mental
User159	User159	User159	Last159	"cn=users,dc=contoso,dc=com"	$TRUE	P@ssw0rd123.	Mental
User160	User160	User160	Last160	"cn=users,dc=contoso,dc=com"	$TRUE	P@ssw0rd123.	Mental
User161	User161	User161	Last161	"cn=users,dc=contoso,dc=com"	$TRUE	P@ssw0rd123.	Mental
User162	User162	User162	Last162	"cn=users,dc=contoso,dc=com"	$TRUE	P@ssw0rd123.	Mental
User163	User163	User163	Last163	"cn=users,dc=contoso,dc=com"	$TRUE	P@ssw0rd123.	Mental
User164	User164	User164	Last164	"cn=users,dc=contoso,dc=com"	$TRUE	P@ssw0rd123.	Mental
User165	User165	User165	Last165	"cn=users,dc=contoso,dc=com"	$TRUE	P@ssw0rd123.	Mental
User166	User166	User166	Last166	"cn=users,dc=contoso,dc=com"	$TRUE	P@ssw0rd123.	Mental
User167	User167	User167	Last167	"cn=users,dc=contoso,dc=com"	$TRUE	P@ssw0rd123.	Mental
User168	User168	User168	Last168	"cn=users,dc=contoso,dc=com"	$TRUE	P@ssw0rd123.	Mental
User169	User169	User169	Last169	"cn=users,dc=contoso,dc=com"	$TRUE	P@ssw0rd123.	Mental
User170	User170	User170	Last170	"cn=users,dc=contoso,dc=com"	$TRUE	P@ssw0rd123.	Mental
User171	User171	User171	Last171	"cn=users,dc=contoso,dc=com"	$TRUE	P@ssw0rd123.	Mental
User172	User172	User172	Last172	"cn=users,dc=contoso,dc=com"	$TRUE	P@ssw0rd123.	Mental
User173	User173	User173	Last173	"cn=users,dc=contoso,dc=com"	$TRUE	P@ssw0rd123.	Mental
User174	User174	User174	Last174	"cn=users,dc=contoso,dc=com"	$TRUE	P@ssw0rd123.	Mental
User175	User175	User175	Last175	"cn=users,dc=contoso,dc=com"	$TRUE	P@ssw0rd123.	Mental
User176	User176	User176	Last176	"cn=users,dc=contoso,dc=com"	$TRUE	P@ssw0rd123.	Mental
User177	User177	User177	Last177	"cn=users,dc=contoso,dc=com"	$TRUE	P@ssw0rd123.	Mental
User178	User178	User178	Last178	"cn=users,dc=contoso,dc=com"	$TRUE	P@ssw0rd123.	Mental
User179	User179	User179	Last179	"cn=users,dc=contoso,dc=com"	$TRUE	P@ssw0rd123.	Mental
User180	User180	User180	Last180	"cn=users,dc=contoso,dc=com"	$TRUE	P@ssw0rd123.	Mental
User181	User181	User181	Last181	"cn=users,dc=contoso,dc=com"	$TRUE	P@ssw0rd123.	Mental
User182	User182	User182	Last182	"cn=users,dc=contoso,dc=com"	$TRUE	P@ssw0rd123.	Mental
User183	User183	User183	Last183	"cn=users,dc=contoso,dc=com"	$TRUE	P@ssw0rd123.	Mental
User184	User184	User184	Last184	"cn=users,dc=contoso,dc=com"	$TRUE	P@ssw0rd123.	Mental
User185	User185	User185	Last185	"cn=users,dc=contoso,dc=com"	$TRUE	P@ssw0rd123.	Mental
User186	User186	User186	Last186	"cn=users,dc=contoso,dc=com"	$TRUE	P@ssw0rd123.	Mental
User187	User187	User187	Last187	"cn=users,dc=contoso,dc=com"	$TRUE	P@ssw0rd123.	Mental
User188	User188	User188	Last188	"cn=users,dc=contoso,dc=com"	$TRUE	P@ssw0rd123.	Mental
User189	User189	User189	Last189	"cn=users,dc=contoso,dc=com"	$TRUE	P@ssw0rd123.	Mental
User190	User190	User190	Last190	"cn=users,dc=contoso,dc=com"	$TRUE	P@ssw0rd123.	Mental
User191	User191	User191	Last191	"cn=users,dc=contoso,dc=com"	$TRUE	P@ssw0rd123.	Mental
User192	User192	User192	Last192	"cn=users,dc=contoso,dc=com"	$TRUE	P@ssw0rd123.	Mental
User193	User193	User193	Last193	"cn=users,dc=contoso,dc=com"	$TRUE	P@ssw0rd123.	Mental
User194	User194	User194	Last194	"cn=users,dc=contoso,dc=com"	$TRUE	P@ssw0rd123.	Mental
User195	User195	User195	Last195	"cn=users,dc=contoso,dc=com"	$TRUE	P@ssw0rd123.	Mental
User196	User196	User196	Last196	"cn=users,dc=contoso,dc=com"	$TRUE	P@ssw0rd123.	Mental
User197	User197	User197	Last197	"cn=users,dc=contoso,dc=com"	$TRUE	P@ssw0rd123.	Mental
User198	User198	User198	Last198	"cn=users,dc=contoso,dc=com"	$TRUE	P@ssw0rd123.	Mental
User199	User199	User199	Last199	"cn=users,dc=contoso,dc=com"	$TRUE	P@ssw0rd123.	Mental
User200	User200	User200	Last200	"cn=users,dc=contoso,dc=com"	$TRUE	P@ssw0rd123.	Mental
User201	User201	User201	Last201	"cn=users,dc=contoso,dc=com"	$TRUE	P@ssw0rd123.	Mental
User202	User202	User202	Last202	"cn=users,dc=contoso,dc=com"	$TRUE	P@ssw0rd123.	Mental
User203	User203	User203	Last203	"cn=users,dc=contoso,dc=com"	$TRUE	P@ssw0rd123.	Mental
