Firstname,Lastname,SAM,Password
First1,Last1,Last1,P@ssw0rd1234
First2,Last2,Last2,P@ssw0rd1235
First3,Last3,Last3,P@ssw0rd1236
First4,Last4,Last4,P@ssw0rd1237
First5,Last5,Last5,P@ssw0rd1238
First6,Last6,Last6,P@ssw0rd1239
First7,Last7,Last7,P@ssw0rd1240
First8,Last8,Last8,P@ssw0rd1241
First9,Last9,Last9,P@ssw0rd1242
First10,Last10,Last10,P@ssw0rd1243
First11,Last11,Last11,P@ssw0rd1244
First12,Last12,Last12,P@ssw0rd1245
First13,Last13,Last13,P@ssw0rd1246
First14,Last14,Last14,P@ssw0rd1247
First15,Last15,Last15,P@ssw0rd1248
First16,Last16,Last16,P@ssw0rd1249
First17,Last17,Last17,P@ssw0rd1250
First18,Last18,Last18,P@ssw0rd1251
First19,Last19,Last19,P@ssw0rd1252
